s_suppkey,s_name,s_address,s_city,s_nation,s_region,s_phone
1,Supplier#000000001,"sdrGnXCDRcfriBvY0KL,i",PERU     0,PERU,AMERICA,27-989-741-2988
2,Supplier#000000002,TRMhVHz3XiFu,ETHIOPIA 1,ETHIOPIA,AFRICA,15-768-687-3665
3,Supplier#000000003,BZ0kXcHUcHjx62L7CjZS,ARGENTINA7,ARGENTINA,AMERICA,11-719-748-3364
4,Supplier#000000004,qGTQJXogS83a7MB,MOROCCO  4,MOROCCO,AFRICA,25-128-190-5944
5,Supplier#000000005,lONEYAh9sF,IRAQ     5,IRAQ,MIDDLE EAST,21-750-942-6364
6,Supplier#000000006,zaux5FT,KENYA    2,KENYA,AFRICA,24-114-968-4951
7,Supplier#000000007, 0W7IPdkpWycU,UNITED KI0,UNITED KINGDOM,EUROPE,33-190-982-9759
8,Supplier#000000008,S8AWPqjYlanEQlcDO2,PERU     6,PERU,AMERICA,27-147-574-9335
9,Supplier#000000009,",gJ6K2MKveYxQT",IRAN     6,IRAN,MIDDLE EAST,20-338-906-3675
10,Supplier#000000010,9QtKQKXK24f,UNITED ST9,UNITED STATES,AMERICA,34-741-346-9870
11,Supplier#000000011,iLv7z1f1 5,CHINA    3,CHINA,ASIA,28-464-151-3439
12,Supplier#000000012,Rfi4rs,INDIA    5,INDIA,ASIA,18-791-276-1263
13,Supplier#000000013,kgTZjbt4CAa4c3Slir,CANADA   8,CANADA,AMERICA,13-761-547-5974
14,Supplier#000000014,n3zDcWB7d,MOROCCO  0,MOROCCO,AFRICA,25-845-129-3851
15,Supplier#000000015,DF35PepL5saAK,INDIA    0,INDIA,ASIA,18-687-542-7601
16,Supplier#000000016,3HbVoWVsjn4fTfQGgYTsMa,RUSSIA   5,RUSSIA,EUROPE,32-781-609-3107
17,Supplier#000000017,PYN0m9j98GhX42D,ROMANIA  6,ROMANIA,EUROPE,29-970-682-3487
18,Supplier#000000018,ckk5mWb4q,MOZAMBIQU0,MOZAMBIQUE,AFRICA,26-155-215-1315
19,Supplier#000000019,NN17XNz0Dpmn,UNITED ST3,UNITED STATES,AMERICA,34-396-526-5053
20,Supplier#000000020,JtPqm19E7tF 152,CANADA   0,CANADA,AMERICA,13-957-234-8742
21,Supplier#000000021,"TZoQwNFFO i,baXpbpin02",BRAZIL   4,BRAZIL,AMERICA,12-902-614-8344
22,Supplier#000000022,DGIIamGrSFFUm5,EGYPT    6,EGYPT,MIDDLE EAST,14-806-545-9701
23,Supplier#000000023, zMyxL7O3O0SUAFoTrY,INDONESIA5,INDONESIA,ASIA,19-312-472-8245
24,Supplier#000000024,pWDbwg 5Eg,ALGERIA  9,ALGERIA,AFRICA,10-127-851-8031
25,Supplier#000000025,aoagce3elDACNssVvT,RUSSIA   8,RUSSIA,EUROPE,32-603-468-3533
26,Supplier#000000026,J50ejtquU1SXRxsmdGA,VIETNAM  5,VIETNAM,ASIA,31-363-455-4837
27,Supplier#000000027,GoWoHhvdj6AUfWujBs,CHINA    0,CHINA,ASIA,28-137-193-2709
28,Supplier#000000028,lpJwCaJ0,ALGERIA  6,ALGERIA,AFRICA,10-774-241-1462
29,Supplier#000000029,VVSymB3fbwaN,ARGENTINA4,ARGENTINA,AMERICA,11-773-203-7342
30,Supplier#000000030,"TWdEo, EaLd,",MOZAMBIQU7,MOZAMBIQUE,AFRICA,26-764-165-5076
31,Supplier#000000031,M9hIErTsOJuqBA9,MOZAMBIQU9,MOZAMBIQUE,AFRICA,26-197-837-7094
32,Supplier#000000032,"uwCnX8y18u,zGadpg",UNITED KI7,UNITED KINGDOM,EUROPE,33-430-914-2194
33,Supplier#000000033,"LLMgB3vXW,0g,8nuv3qU3",GERMANY  2,GERMANY,EUROPE,17-375-391-1280
34,Supplier#000000034,F29MXhwqYcXFfWjKungGH ,IRAN     0,IRAN,MIDDLE EAST,20-344-968-5422
35,Supplier#000000035,btEEk4uH55bVcxqqo355,VIETNAM  7,VIETNAM,ASIA,31-566-888-7431
36,Supplier#000000036,Fs8BpqhwPHOuX6g84XPfmM,JORDAN   3,JORDAN,MIDDLE EAST,23-704-669-5769
37,Supplier#000000037,PAHtpW,ALGERIA  6,ALGERIA,AFRICA,10-385-235-7162
38,Supplier#000000038,"vmOuWWwn,l4j",EGYPT    7,EGYPT,MIDDLE EAST,14-306-880-7212
39,Supplier#000000039,2e0rD92Bmb5 ZtqmjQoR,INDIA    9,INDIA,ASIA,18-387-467-6509
40,Supplier#000000040,ttiM4tPPBG85XTwFZD,RUSSIA   3,RUSSIA,EUROPE,32-652-915-8939
41,Supplier#000000041,lrZlgk9WXV,CHINA    2,CHINA,ASIA,28-917-711-4011
42,Supplier#000000042,",2VFvnKBMXIYwP6q2HX8",RUSSIA   9,RUSSIA,EUROPE,32-416-330-4175
43,Supplier#000000043,2VEfxrC76mNg2VwZY5DDrWnS,JAPAN    7,JAPAN,ASIA,22-316-665-2897
44,Supplier#000000044,Hm9uFgnDFi2hNd,GERMANY  7,GERMANY,EUROPE,17-190-260-5375
45,Supplier#000000045,"gOgDzRS3kyjc,429pT",INDONESIA6,INDONESIA,ASIA,19-715-298-9917
46,Supplier#000000046,"N,6964Lnc2fNgMZV1VJV9y",UNITED ST0,UNITED STATES,AMERICA,34-357-681-2007
47,Supplier#000000047,Y3eZu1bOuAw0jgW4dF,KENYA    6,KENYA,AFRICA,24-427-271-9466
48,Supplier#000000048,"IK,6rmdbeaoxtxgx7Df34QfL",KENYA    8,KENYA,AFRICA,24-508-348-5882
49,Supplier#000000049,ewArUFQOl,UNITED ST2,UNITED STATES,AMERICA,34-908-631-4424
50,Supplier#000000050,AkCPA9ee2s0,INDONESIA4,INDONESIA,ASIA,19-658-112-3221
51,Supplier#000000051,"AnGp3Q,ZbcjgHcv",INDONESIA7,INDONESIA,ASIA,19-344-885-4251
52,Supplier#000000052,5oGr3pj2sprZNwho8,ROMANIA  4,ROMANIA,EUROPE,29-186-284-5998
53,Supplier#000000053,JRwXrnz2oLggl6UciySIJJpc,GERMANY  2,GERMANY,EUROPE,17-168-852-5363
54,Supplier#000000054,iZz04v,JAPAN    2,JAPAN,ASIA,22-776-370-4745
55,Supplier#000000055,dAN28JcaMkX,UNITED ST3,UNITED STATES,AMERICA,34-180-440-8525
56,Supplier#000000056,M65yF75QFrlIjpcy2C6a,MOZAMBIQU1,MOZAMBIQUE,AFRICA,26-895-685-6920
57,Supplier#000000057,Qm4A6699rL0,PERU     4,PERU,AMERICA,27-835-306-1650
58,Supplier#000000058,"0,Nmqoi1C",MOZAMBIQU8,MOZAMBIQUE,AFRICA,26-244-493-2508
59,Supplier#000000059,eSFgP3HeD5GmjE7c9,PERU     9,PERU,AMERICA,27-355-584-3112
60,Supplier#000000060,"PP,SDzn7q9DW",INDIA    0,INDIA,ASIA,18-480-575-5866
61,Supplier#000000061,"ds,eZB",INDIA    9,INDIA,ASIA,18-626-559-8599
62,Supplier#000000062,Q8EFl36gpMazAhuwoRrs,ROMANIA  5,ROMANIA,EUROPE,29-361-978-7059
63,Supplier#000000063,"eF5,cbtiCbxbGvVr2",ETHIOPIA 5,ETHIOPIA,AFRICA,15-952-552-9584
64,Supplier#000000064,"wS,hHEibrFlCfN6I9xyPxSZK",UNITED ST3,UNITED STATES,AMERICA,34-558-731-7204
65,Supplier#000000065,qzqDj7E8l,RUSSIA   9,RUSSIA,EUROPE,32-733-623-5267
66,Supplier#000000066,B2N xmhah23IgwDe5E2Lp5tN,UNITED KI4,UNITED KINGDOM,EUROPE,33-213-373-5094
67,Supplier#000000067,U2 mgiDOjlHVnr,EGYPT    2,EGYPT,MIDDLE EAST,14-403-114-4356
68,Supplier#000000068,7MUdV0wjYowmWbbL7kfERy0I,VIETNAM  0,VIETNAM,ASIA,31-918-832-2411
69,Supplier#000000069,8YnFR1LRTMYXX,EGYPT    9,EGYPT,MIDDLE EAST,14-225-978-5670
70,Supplier#000000070,jd4djZv0cc5KdnA0q9oO,FRANCE   0,FRANCE,EUROPE,16-828-107-2832
71,Supplier#000000071,3lCSQET,ARGENTINA5,ARGENTINA,AMERICA,11-710-812-5403
72,Supplier#000000072,FgBqhDHyQvHYQFA6Wr1mQhXb,CHINA    3,CHINA,ASIA,28-759-144-9689
73,Supplier#000000073,kp1qZejw zwaou78HKrV4 ,MOZAMBIQU2,MOZAMBIQUE,AFRICA,26-473-439-3214
74,Supplier#000000074,yeXt5WdcOUQVvdNCulURp4,SAUDI ARA9,SAUDI ARABIA,MIDDLE EAST,30-199-862-7209
75,Supplier#000000075,ULXKdX b,CHINA    5,CHINA,ASIA,28-247-803-9025
76,Supplier#000000076,ipJ8pRXOf2xdKj6,KENYA    4,KENYA,AFRICA,24-349-718-3044
77,Supplier#000000077,"w5yO 0yjXou 8I4ffzADq,R8",GERMANY  9,GERMANY,EUROPE,17-269-357-4674
78,Supplier#000000078,StXc1Zo5rJl z avspT5Ys7,ETHIOPIA 0,ETHIOPIA,AFRICA,15-960-700-9191
79,Supplier#000000079,"C,xXyty836oYhSwmLfdle",KENYA    7,KENYA,AFRICA,24-147-850-4166
80,Supplier#000000080,PhYej9mhZXAifY4IXnVIV,VIETNAM  7,VIETNAM,ASIA,31-267-172-7101
81,Supplier#000000081,9fFQOQJKBgF5Q0K,JAPAN    8,JAPAN,ASIA,22-165-277-3269
82,Supplier#000000082,5t7gqU1BlZW,CHINA    1,CHINA,ASIA,28-159-442-5305
83,Supplier#000000083,"59h6GtoD,V0 M5s",KENYA    0,KENYA,AFRICA,24-817-154-4122
84,Supplier#000000084,oO2H4fI1kaBmgchJ,UNITED ST6,UNITED STATES,AMERICA,34-546-818-3802
85,Supplier#000000085,pGFzRay,GERMANY  8,GERMANY,EUROPE,17-745-585-8219
86,Supplier#000000086,iZLKKW,ROMANIA  6,ROMANIA,EUROPE,29-677-951-2353
87,Supplier#000000087,5ovT6anHSsD1T,UNITED ST7,UNITED STATES,AMERICA,34-869-884-7053
88,Supplier#000000088,uczJ2Tv,IRAQ     7,IRAQ,MIDDLE EAST,21-516-273-2566
89,Supplier#000000089,MJys1P8C,INDONESIA9,INDONESIA,ASIA,19-394-451-5404
90,Supplier#000000090,QbmU6KsZLYFXKv8le D9z0K0,FRANCE   8,FRANCE,EUROPE,16-603-491-1238
91,Supplier#000000091,35WVnU7GLNbQDcc2TARav,CANADA   2,CANADA,AMERICA,13-239-400-3677
92,Supplier#000000092,EWS4tXaiXFF,BRAZIL   3,BRAZIL,AMERICA,12-446-416-8471
93,Supplier#000000093,wNZNHIg37,MOZAMBIQU3,MOZAMBIQUE,AFRICA,26-359-388-5266
94,Supplier#000000094,"Gg0BfcHqe5lhc3dT,s",EGYPT    5,EGYPT,MIDDLE EAST,14-953-499-8833
95,Supplier#000000095,CYrYJqL,ROMANIA  5,ROMANIA,EUROPE,29-923-255-2929
96,Supplier#000000096,gPuBX5iIBtNrCYv2EMZ,JAPAN    8,JAPAN,ASIA,22-422-845-1202
97,Supplier#000000097,f oaJRYkUDO,EGYPT    4,EGYPT,MIDDLE EAST,14-588-919-5638
98,Supplier#000000098,DKjDSOB,VIETNAM  8,VIETNAM,ASIA,31-885-845-6889
99,Supplier#000000099,X8uG7kkYSD2 y,CHINA    2,CHINA,ASIA,28-515-237-9232
100,Supplier#000000100,AiFdrGISsw5YYFY ,VIETNAM  4,VIETNAM,ASIA,31-749-445-4907
101,Supplier#000000101,Tg67s6vXYbwXbnTsJ02h,IRAQ     5,IRAQ,MIDDLE EAST,21-514-298-3699
102,Supplier#000000102,CnEz1Y5S4,INDIA    4,INDIA,ASIA,18-324-978-8538
103,Supplier#000000103,KpBaWl2PFsCjg7K,BRAZIL   2,BRAZIL,AMERICA,12-216-107-2107
104,Supplier#000000104,oOFWtl sAwYcbM9dWRPgKT,FRANCE   1,FRANCE,EUROPE,16-966-284-8065
105,Supplier#000000105,Ppr28u,EGYPT    1,EGYPT,MIDDLE EAST,14-793-553-6417
106,Supplier#000000106,"W,m5XxtLqz5hq",VIETNAM  5,VIETNAM,ASIA,31-751-989-4627
107,Supplier#000000107,MADIqZwoZ526V,MOZAMBIQU8,MOZAMBIQUE,AFRICA,26-336-529-9919
108,Supplier#000000108,NfWTFMJL,UNITED ST0,UNITED STATES,AMERICA,34-908-619-7526
109,Supplier#000000109,XrUXFG1pfu,VIETNAM  5,VIETNAM,ASIA,31-992-422-8153
110,Supplier#000000110,NJwRcQ,MOROCCO  4,MOROCCO,AFRICA,25-893-536-2069
111,Supplier#000000111,ywVUjSHSOdRWA,EGYPT    9,EGYPT,MIDDLE EAST,14-582-283-7528
112,Supplier#000000112,xN4MVGLKwI 9ouNOSVn7d1,JAPAN    7,JAPAN,ASIA,22-233-262-8382
113,Supplier#000000113,Wr2cBBPQjzUN9rKlWmE3AiT3,IRAQ     5,IRAQ,MIDDLE EAST,21-302-930-4756
114,Supplier#000000114,7wsrIuG,SAUDI ARA8,SAUDI ARABIA,MIDDLE EAST,30-805-212-7646
115,Supplier#000000115,EhrYy0MT5M1vfZ0V4s,UNITED KI6,UNITED KINGDOM,EUROPE,33-971-699-1843
116,Supplier#000000116,LqpkbMd2vpsRKZ ,JORDAN   8,JORDAN,MIDDLE EAST,23-632-309-5792
117,Supplier#000000117,"2DFfdp0S2d,,7W",CHINA    1,CHINA,ASIA,28-403-631-3505
118,Supplier#000000118,q2ywdzlBaq,ALGERIA  2,ALGERIA,AFRICA,10-639-943-7051
119,Supplier#000000119,"Xoup f,CWtzUf2lv1it1T",CHINA    7,CHINA,ASIA,28-697-919-8406
120,Supplier#000000120,"8duC7w,8IeFaskL22RL79",GERMANY  1,GERMANY,EUROPE,17-291-534-1571
121,Supplier#000000121,p4k I1ygir,FRANCE   0,FRANCE,EUROPE,16-411-990-2959
122,Supplier#000000122,Z968jkzB8Op574o,MOZAMBIQU2,MOZAMBIQUE,AFRICA,26-702-694-4520
123,Supplier#000000123,jA9DY0vzHVJPAqaI,ROMANIA  0,ROMANIA,EUROPE,29-817-151-1168
124,Supplier#000000124,xE5QNp1rujcPaaqZLfu VS7Z,INDIA    4,INDIA,ASIA,18-183-750-7809
125,Supplier#000000125,4krMcX3PW79lT HX9U49bZw,BRAZIL   0,BRAZIL,AMERICA,12-261-996-3120
126,Supplier#000000126,pQcW2y1rC,KENYA    7,KENYA,AFRICA,24-755-914-7592
127,Supplier#000000127,"6mACXk1h0,LKOQuxA1D4U9AT",ARGENTINA9,ARGENTINA,AMERICA,11-101-672-2951
128,Supplier#000000128,"y0i,Qufb",UNITED KI2,UNITED KINGDOM,EUROPE,33-280-874-8044
129,Supplier#000000129,"SG46GWgrT7r9W,N5",MOROCCO  1,MOROCCO,AFRICA,25-415-148-7416
130,Supplier#000000130,"aDyRXfqz,mCb1Hb",UNITED KI3,UNITED KINGDOM,EUROPE,33-190-993-9281
131,Supplier#000000131,"yXE7jfKpo,uh7fxM ,Z",KENYA    8,KENYA,AFRICA,24-840-210-3572
132,Supplier#000000132, 6RYhOX,ETHIOPIA 6,ETHIOPIA,AFRICA,15-692-150-9717
133,Supplier#000000133,b70zMF,EGYPT    1,EGYPT,MIDDLE EAST,14-408-997-8430
134,Supplier#000000134,ewTNuIWlk4AN,FRANCE   6,FRANCE,EUROPE,16-200-159-5932
135,Supplier#000000135,mW6tr2ad6Un87,GERMANY  3,GERMANY,EUROPE,17-399-293-6241
136,Supplier#000000136,9t45CFR1l ,INDIA    3,INDIA,ASIA,18-501-210-4726
137,Supplier#000000137,ISZeZ6aowgPi5DBfDi6D,CHINA    4,CHINA,ASIA,28-777-409-5654
138,Supplier#000000138,yyPBFrErKTaEu5L3CdNJP a,ROMANIA  1,ROMANIA,EUROPE,29-394-860-4589
139,Supplier#000000139,"sYEafbz5hS5fp8DG,9rP4",RUSSIA   5,RUSSIA,EUROPE,32-140-352-1403
140,Supplier#000000140,FNL22NS,MOZAMBIQU8,MOZAMBIQUE,AFRICA,26-273-885-6505
141,Supplier#000000141,WidZNxHAlJuLguC FG2,IRAN     5,IRAN,MIDDLE EAST,20-936-295-6204
142,Supplier#000000142,kwLjDcVT,MOZAMBIQU9,MOZAMBIQUE,AFRICA,26-407-425-2584
143,Supplier#000000143,RXw0Ua1edRCrls98N50LFTMJ,JAPAN    5,JAPAN,ASIA,22-314-406-7725
144,Supplier#000000144,"MSyNNngBzS,Uj",SAUDI ARA1,SAUDI ARABIA,MIDDLE EAST,30-717-379-4478
145,Supplier#000000145,C8z59qcFdg6xw3OIqmg,FRANCE   9,FRANCE,EUROPE,16-562-444-8454
146,Supplier#000000146,"ApndKp ,Wu0 LNso",RUSSIA   4,RUSSIA,EUROPE,32-835-723-3223
147,Supplier#000000147,DfNFr9aBL023,UNITED KI1,UNITED KINGDOM,EUROPE,33-803-187-4335
148,Supplier#000000148,QGop1tMvx,GERMANY  5,GERMANY,EUROPE,17-562-498-6636
149,Supplier#000000149,C5t4zIcINBkgBW,FRANCE   2,FRANCE,EUROPE,16-797-439-6760
150,Supplier#000000150,H1QHEFyhpWL0DdFRju6w4f,ETHIOPIA 4,ETHIOPIA,AFRICA,15-328-564-7630
151,Supplier#000000151,ZJN0XdqgbPYR,RUSSIA   4,RUSSIA,EUROPE,32-433-197-6339
152,Supplier#000000152,I71tScHfhAMfuKjFT0LnDh,UNITED ST9,UNITED STATES,AMERICA,34-585-850-3926
153,Supplier#000000153,BGojq7ZwRozmpck4JNl3i,INDONESIA1,INDONESIA,ASIA,19-342-316-2815
154,Supplier#000000154,LpVZccF2rtGMlnD1BDn9Q,JORDAN   1,JORDAN,MIDDLE EAST,23-522-835-6914
155,Supplier#000000155,"elC1FLAR,dYXOoWkPfOLjk",RUSSIA   3,RUSSIA,EUROPE,32-566-282-8705
156,Supplier#000000156,1g3PoPHA1dIE,ETHIOPIA 6,ETHIOPIA,AFRICA,15-723-913-3943
157,Supplier#000000157,1EmkCAp,CANADA   1,CANADA,AMERICA,13-207-442-1556
158,Supplier#000000158,sLGHPvT,GERMANY  6,GERMANY,EUROPE,17-383-680-1329
159,Supplier#000000159,vLyaxWwG,EGYPT    6,EGYPT,MIDDLE EAST,14-888-668-2668
160,Supplier#000000160,gkU5eYlSeJlDEC17BtA,EGYPT    8,EGYPT,MIDDLE EAST,14-428-666-4806
161,Supplier#000000161,MzyMnXcxFiR6dQ,ALGERIA  2,ALGERIA,AFRICA,10-805-718-2449
162,Supplier#000000162,KLYLDAtcGiS5HldT9SIV,INDONESIA4,INDONESIA,ASIA,19-131-101-2267
163,Supplier#000000163,",eJtNeI or1Oxfi2MsP",JAPAN    3,JAPAN,ASIA,22-863-349-4121
164,Supplier#000000164,"Uj0,Jr1GFzWA58rVzHPD6D",BRAZIL   2,BRAZIL,AMERICA,12-565-638-9768
165,Supplier#000000165,JbzCVBou8DvQdz9NRq6,KENYA    0,KENYA,AFRICA,24-927-209-5601
166,Supplier#000000166,to Y10Kj,JORDAN   9,JORDAN,MIDDLE EAST,23-320-530-5920
167,Supplier#000000167,mmnFNEmLpj6kcEg,SAUDI ARA4,SAUDI ARABIA,MIDDLE EAST,30-288-395-5501
168,Supplier#000000168,edwdJEUN4,INDONESIA1,INDONESIA,ASIA,19-354-984-5361
169,Supplier#000000169,"uOtE MpVh5,w6",JORDAN   9,JORDAN,MIDDLE EAST,23-362-499-3728
170,Supplier#000000170,ayz3a18xDG,UNITED KI4,UNITED KINGDOM,EUROPE,33-879-984-9818
171,Supplier#000000171,N9BpS8rkNy,IRAN     1,IRAN,MIDDLE EAST,20-513-603-7451
172,Supplier#000000172,eOGIKr3p,RUSSIA   8,RUSSIA,EUROPE,32-178-964-1847
173,Supplier#000000173,dAaslV LunxGHBe45ovkMasH,JAPAN    0,JAPAN,ASIA,22-443-196-8008
174,Supplier#000000174,NZdeHwqAU,RUSSIA   1,RUSSIA,EUROPE,32-845-455-8799
175,Supplier#000000175,gKwrK3Pp,JAPAN    0,JAPAN,ASIA,22-427-617-9922
176,Supplier#000000176,"df5DkycuSEVdLqBtcnHWshb,",IRAN     3,IRAN,MIDDLE EAST,20-432-942-8830
177,Supplier#000000177,j61rTlruYZZ,JAPAN    2,JAPAN,ASIA,22-917-786-9955
178,Supplier#000000178,6hRniEC,MOZAMBIQU1,MOZAMBIQUE,AFRICA,26-436-268-6327
179,Supplier#000000179,OXFMX4,ROMANIA  7,ROMANIA,EUROPE,29-703-953-2987
180,Supplier#000000180,ihslBWv1O80hBeffRVy2FAV,GERMANY  4,GERMANY,EUROPE,17-678-802-2105
181,Supplier#000000181,UKSQN2a33xkq2NC7ffn5h29y,KENYA    3,KENYA,AFRICA,24-653-305-8440
182,Supplier#000000182,hx83kOzqN2OGJ,GERMANY  4,GERMANY,EUROPE,17-199-211-9023
183,Supplier#000000183,tqqiwVSpm3xFF,ALGERIA  8,ALGERIA,AFRICA,10-771-279-8154
184,Supplier#000000184,67PPOiBRwNBD0yhrVBkV60VR,ARGENTINA9,ARGENTINA,AMERICA,11-739-340-5476
185,Supplier#000000185,"mWo,q5",PERU     6,PERU,AMERICA,27-760-572-8760
186,Supplier#000000186,LrJxkn4VD,ARGENTINA2,ARGENTINA,AMERICA,11-518-743-2576
187,Supplier#000000187,Deyt7GUJ7tgaJIpw 6QQ,CHINA    6,CHINA,ASIA,28-716-294-6674
188,Supplier#000000188,QCb0NcUbHdpqnCexXlQ3h,SAUDI ARA9,SAUDI ARABIA,MIDDLE EAST,30-613-528-7811
189,Supplier#000000189,9FblnmhDD,INDONESIA2,INDONESIA,ASIA,19-980-348-1114
190,Supplier#000000190,BB3kfTCe,IRAN     8,IRAN,MIDDLE EAST,20-730-373-8193
191,Supplier#000000191,4rN1KVny,CHINA    4,CHINA,ASIA,28-811-707-6869
192,Supplier#000000192,8xPZyX6F,MOROCCO  5,MOROCCO,AFRICA,25-750-712-2481
193,Supplier#000000193,0kwCpz0Amls,ETHIOPIA 6,ETHIOPIA,AFRICA,15-182-978-6287
194,Supplier#000000194,fniG7T,INDONESIA8,INDONESIA,ASIA,19-597-636-3003
195,Supplier#000000195,v4tYZ3F6t,BRAZIL   7,BRAZIL,AMERICA,12-757-684-6845
196,Supplier#000000196,8a3WLfvpVy4CsWl,CHINA    4,CHINA,ASIA,28-135-177-2472
197,Supplier#000000197,3oYqODDUGH3XsHXmPuz,CANADA   9,CANADA,AMERICA,13-107-312-6585
198,Supplier#000000198,EO4MRE7p,FRANCE   6,FRANCE,EUROPE,16-237-758-6141
199,Supplier#000000199,H0SlSmknxd,RUSSIA   4,RUSSIA,EUROPE,32-136-924-5232
200,Supplier#000000200,fdAQLE5VY6hwvxG,IRAQ     8,IRAQ,MIDDLE EAST,21-472-302-4189
201,Supplier#000000201,NXF1csa2RaCo5NO0k3 ,CHINA    6,CHINA,ASIA,28-759-183-9859
202,Supplier#000000202,"eqf1H9LMQU92rsp,0i,R",UNITED KI7,UNITED KINGDOM,EUROPE,33-905-805-4635
203,Supplier#000000203,wwNJPGvRhGjMVYs0LDk8,ARGENTINA9,ARGENTINA,AMERICA,11-886-563-6149
204,Supplier#000000204,"sTPyz,9iIe t",MOROCCO  9,MOROCCO,AFRICA,25-761-837-4820
205,Supplier#000000205,Alrx5TN,CANADA   8,CANADA,AMERICA,13-356-437-1311
206,Supplier#000000206,KwQVu4mDVHUjYToOgOHl,ROMANIA  2,ROMANIA,EUROPE,29-976-832-3312
207,Supplier#000000207,0bEpwMNabJU3t,BRAZIL   5,BRAZIL,AMERICA,12-562-675-6475
208,Supplier#000000208,H rxtor0gRWFmwAU,EGYPT    5,EGYPT,MIDDLE EAST,14-859-139-6234
209,Supplier#000000209,MB7PCRyoUCL CsecqBsYo3EF,CHINA    1,CHINA,ASIA,28-207-121-7721
210,Supplier#000000210,NoVrMUn32p5IS3FElypum0,BRAZIL   4,BRAZIL,AMERICA,12-876-248-9750
211,Supplier#000000211,ROEMu3EJ,BRAZIL   5,BRAZIL,AMERICA,12-965-335-9471
212,Supplier#000000212,2xydWHdizwU,GERMANY  8,GERMANY,EUROPE,17-382-405-4333
213,Supplier#000000213,",zTrWDNQynZp4sZbH39YsY8D",CHINA    4,CHINA,ASIA,28-768-700-9764
214,Supplier#000000214,qXxfguP0ruHLjP796pMUkv,KENYA    7,KENYA,AFRICA,24-180-678-6165
215,Supplier#000000215,3E1aw6o5,JAPAN    8,JAPAN,ASIA,22-564-446-4758
216,Supplier#000000216,hSXeTJ4n,KENYA    7,KENYA,AFRICA,24-296-111-5448
217,Supplier#000000217,75 1HUeYEeOThfHQOry,MOROCCO  8,MOROCCO,AFRICA,25-159-298-3849
218,Supplier#000000218,PTop5LFKme0460SQc6TUlH,IRAN     7,IRAN,MIDDLE EAST,20-480-931-8567
219,Supplier#000000219,"M,zI5ADZ70",INDONESIA7,INDONESIA,ASIA,19-159-138-6090
220,Supplier#000000220,yw45wy2XyjPmY4X,ROMANIA  0,ROMANIA,EUROPE,29-201-301-7371
221,Supplier#000000221,R6rCoq1z,IRAQ     8,IRAQ,MIDDLE EAST,21-351-738-1001
222,Supplier#000000222,Zhao9k7SOCa,MOROCCO  5,MOROCCO,AFRICA,25-722-672-5418
223,Supplier#000000223,fo8Xrt4lXbuS61gsbjN,BRAZIL   4,BRAZIL,AMERICA,12-193-643-1517
224,Supplier#000000224,JnTMl1xvauvbo,ETHIOPIA 0,ETHIOPIA,AFRICA,15-224-867-3668
225,Supplier#000000225,"Vms,zvB6LE",INDONESIA7,INDONESIA,ASIA,19-979-183-7021
226,Supplier#000000226,TXAcN7Ym29Obaqa,CANADA   4,CANADA,AMERICA,13-452-318-7709
227,Supplier#000000227,bCRVRoFFrpOTu,EGYPT    6,EGYPT,MIDDLE EAST,14-951-816-2439
228,Supplier#000000228,Ct72ryCOQ8Rzi6F,KENYA    6,KENYA,AFRICA,24-435-915-1603
229,Supplier#000000229,uOHKfAG0vSoOQGLw,KENYA    1,KENYA,AFRICA,24-243-298-4029
230,Supplier#000000230,8K7ZWVoFxRdnP,ARGENTINA9,ARGENTINA,AMERICA,11-744-950-8047
231,Supplier#000000231,"y1LlDuqzRCmh,dCST",ETHIOPIA 8,ETHIOPIA,AFRICA,15-825-880-1065
232,Supplier#000000232,"S,2hHDyjFLwtIMQ8LxphTGC",GERMANY  8,GERMANY,EUROPE,17-283-563-2674
233,Supplier#000000233,cxREA z6HheCAIklWwLf8DXm,FRANCE   5,FRANCE,EUROPE,16-574-104-3221
234,Supplier#000000234,Je GTk6nSTRy,UNITED ST1,UNITED STATES,AMERICA,34-243-424-1393
235,Supplier#000000235,5SRHHL,INDIA    4,INDIA,ASIA,18-350-790-6416
236,Supplier#000000236,O1muyOZNFeu,MOROCCO  9,MOROCCO,AFRICA,25-808-967-4503
237,Supplier#000000237,"esm3lJbdVyE 1sz,m0xkNCm",UNITED KI2,UNITED KINGDOM,EUROPE,33-414-970-5238
238,Supplier#000000238,vH81dBrqiAF 5r6Mu,INDIA    4,INDIA,ASIA,18-307-925-1236
239,Supplier#000000239,"4cZ,ZHKj hRKgYlgZ6UapQ7",RUSSIA   3,RUSSIA,EUROPE,32-699-117-6988
240,Supplier#000000240,uesfSVsvY,IRAN     5,IRAN,MIDDLE EAST,20-756-548-7835
241,Supplier#000000241,hXz3w8mDj7Sta8Pt1EP,INDIA    8,INDIA,ASIA,18-344-614-2207
242,Supplier#000000242,PB1eFj,IRAQ     4,IRAQ,MIDDLE EAST,21-324-350-3564
243,Supplier#000000243,TQaXjlMc3uL2Meq41aMrqV,FRANCE   4,FRANCE,EUROPE,16-297-684-7972
244,Supplier#000000244,sOULpeRQrUncOpZ2HPiEfpq,ARGENTINA8,ARGENTINA,AMERICA,11-621-225-8173
245,Supplier#000000245,TA6OMBZ78zeQ7CFY6FU7o,INDIA    3,INDIA,ASIA,18-952-232-2729
246,Supplier#000000246,qQy4awjS,EGYPT    2,EGYPT,MIDDLE EAST,14-608-618-2590
247,Supplier#000000247,0QGm8sCIfYIChkEvNkvbM5o,UNITED KI9,UNITED KINGDOM,EUROPE,33-151-905-3513
248,Supplier#000000248,xnbpIyWfTJc1uvQnCd4ry0s,FRANCE   1,FRANCE,EUROPE,16-447-727-8914
249,Supplier#000000249,HyBDzVpwxWM,IRAN     6,IRAN,MIDDLE EAST,20-226-455-7727
250,Supplier#000000250,iGscwk9I,INDONESIA6,INDONESIA,ASIA,19-464-852-1461
251,Supplier#000000251,7AIXz1rIAsguiWNyC9LKHO,VIETNAM  0,VIETNAM,ASIA,31-975-623-5949
252,Supplier#000000252,vOQgKR,IRAQ     0,IRAQ,MIDDLE EAST,21-330-347-9201
253,Supplier#000000253,oP tJgIUKoxSqrbSlGHd,VIETNAM  7,VIETNAM,ASIA,31-461-140-9884
254,Supplier#000000254,PUJWEJsh,GERMANY  7,GERMANY,EUROPE,17-451-622-6325
255,Supplier#000000255,BuZU3uom6JScQv5Na4cF,CHINA    3,CHINA,ASIA,28-924-679-8287
256,Supplier#000000256,FQZVIO6ZbsdTI,IRAQ     4,IRAQ,MIDDLE EAST,21-229-271-4429
257,Supplier#000000257,qHl9HJY3w8uc5MrfjebRAVw,MOZAMBIQU6,MOZAMBIQUE,AFRICA,26-816-687-2155
258,Supplier#000000258,tSiED3PxpP,GERMANY  6,GERMANY,EUROPE,17-278-425-9944
259,Supplier#000000259,Zss2pt,IRAN     2,IRAN,MIDDLE EAST,20-907-674-2046
260,Supplier#000000260,"8aku9ChM,SEb9Ab3nie7EzyS",UNITED KI8,UNITED KINGDOM,EUROPE,33-708-529-9446
261,Supplier#000000261,x67Y6oi0,ALGERIA  7,ALGERIA,AFRICA,10-494-898-7855
262,Supplier#000000262,sXGoEZMdXhAQY6s,SAUDI ARA8,SAUDI ARABIA,MIDDLE EAST,30-698-169-5201
263,Supplier#000000263,U5NCx1,KENYA    0,KENYA,AFRICA,24-276-906-3193
264,Supplier#000000264,dMAYMJRv9AzUtcxrq,ROMANIA  0,ROMANIA,EUROPE,29-881-683-3829
265,Supplier#000000265,NjlWmOx0pS1dKp89m5WueoX,ROMANIA  7,ROMANIA,EUROPE,29-716-734-2046
266,Supplier#000000266,"gk4uW4OA,k",UNITED KI6,UNITED KINGDOM,EUROPE,33-474-243-3974
267,Supplier#000000267,1mRdC4MgVAdv59,IRAN     2,IRAN,MIDDLE EAST,20-402-954-8909
268,Supplier#000000268,rBfeURMPy,UNITED KI2,UNITED KINGDOM,EUROPE,33-720-469-5207
269,Supplier#000000269,gucKmpFsP3om2j2l,BRAZIL   0,BRAZIL,AMERICA,12-570-874-6232
270,Supplier#000000270,cerbUWEJpCN,UNITED KI3,UNITED KINGDOM,EUROPE,33-241-806-3530
271,Supplier#000000271,"7,p8zEifwPHTEfZPI",MOROCCO  9,MOROCCO,AFRICA,25-621-282-5689
272,Supplier#000000272,uv nAgf7L,GERMANY  9,GERMANY,EUROPE,17-324-877-9650
273,Supplier#000000273,"d,7tCb",MOROCCO  3,MOROCCO,AFRICA,25-197-772-5736
274,Supplier#000000274,"yzuPFSg84W,n7",VIETNAM  2,VIETNAM,ASIA,31-330-389-1442
275,Supplier#000000275,fJRM16HEpb2OViYhjOeO,VIETNAM  6,VIETNAM,ASIA,31-194-864-6861
276,Supplier#000000276,hN5nzVmkL46zb,FRANCE   2,FRANCE,EUROPE,16-716-357-3851
277,Supplier#000000277,amMPxN PaEfuFPo4DFYIKg,JAPAN    7,JAPAN,ASIA,22-696-831-5394
278,Supplier#000000278,LpaEG6EOF6lPHvj6y N,INDONESIA7,INDONESIA,ASIA,19-445-570-5841
279,Supplier#000000279,R5k5c04dv7nGlvj0dJQa,JORDAN   4,JORDAN,MIDDLE EAST,23-220-605-9025
280,Supplier#000000280,f1qhb  X78V,IRAQ     2,IRAQ,MIDDLE EAST,21-537-461-3965
281,Supplier#000000281,rYzMz9aqqHVvwbbh,ALGERIA  1,ALGERIA,AFRICA,10-809-382-6446
282,Supplier#000000282,lJ0GWxaabsdtiqRROR MWiH,INDIA    0,INDIA,ASIA,18-251-599-2415
283,Supplier#000000283,f4fBkIHzZ4DCLg8DdTfE0o3O,PERU     1,PERU,AMERICA,27-111-303-1282
284,Supplier#000000284,"Udl,cHhQsbjhTF",MOROCCO  9,MOROCCO,AFRICA,25-161-235-2690
285,Supplier#000000285,q TMZEDyZtv vUiFK,CANADA   2,CANADA,AMERICA,13-235-130-1313
286,Supplier#000000286,"DS,IqcwEvAfX4cqSXBA",IRAN     8,IRAN,MIDDLE EAST,20-274-308-4633
287,Supplier#000000287,UQR8bUA4V2,CANADA   1,CANADA,AMERICA,13-330-840-6321
288,Supplier#000000288,TL6hJm g,IRAN     3,IRAN,MIDDLE EAST,20-674-136-5397
289,Supplier#000000289,"V7xQ,jjAd, CNZ",MOZAMBIQU6,MOZAMBIQUE,AFRICA,26-456-773-7693
290,Supplier#000000290,"VpG,Ul5yv",FRANCE   1,FRANCE,EUROPE,16-458-625-5633
291,Supplier#000000291,0Bnna yZPZQsDjaKVHz,ALGERIA  8,ALGERIA,AFRICA,10-657-656-2318
292,Supplier#000000292,ccmNBTNrxKWPgaQ1vW8qfQe,VIETNAM  1,VIETNAM,ASIA,31-457-910-2923
293,Supplier#000000293,"kYhD65wZ3X ,tiTJY",INDONESIA9,INDONESIA,ASIA,19-887-984-5485
294,Supplier#000000294,"Z,wDQPw0Ny2,",CHINA    2,CHINA,ASIA,28-187-946-4260
295,Supplier#000000295,LBETLRJ2RHV2t,UNITED KI2,UNITED KINGDOM,EUROPE,33-340-773-4322
296,Supplier#000000296,L04hPNG PHrOBdyEYa9z,KENYA    1,KENYA,AFRICA,24-875-178-1959
297,Supplier#000000297,LL5ciSQ7Y ,ARGENTINA2,ARGENTINA,AMERICA,11-915-518-8800
298,Supplier#000000298,DipZXu3H,ETHIOPIA 6,ETHIOPIA,AFRICA,15-542-157-4074
299,Supplier#000000299,Hw4wXf2D0aZ8AhFPGpL,IRAN     6,IRAN,MIDDLE EAST,20-948-474-7353
300,Supplier#000000300,36ra1x3jhoU01,BRAZIL   7,BRAZIL,AMERICA,12-165-193-5964
301,Supplier#000000301,3bl7zbcb9,EGYPT    6,EGYPT,MIDDLE EAST,14-265-345-9265
302,Supplier#000000302,"DvSiC,hjGbEi",CHINA    7,CHINA,ASIA,28-152-594-2967
303,Supplier#000000303,"folG,5hjWcSlH0EYQzXPOi",INDIA    6,INDIA,ASIA,18-184-254-6407
304,Supplier#000000304,QW 8eBWtrJq,IRAQ     6,IRAQ,MIDDLE EAST,21-321-698-7663
305,Supplier#000000305,Cg27QJupyaYqkhfwDN9d,PERU     0,PERU,AMERICA,27-250-654-3339
306,Supplier#000000306,8Vm6wJcWEAAkcU y,MOZAMBIQU5,MOZAMBIQUE,AFRICA,26-109-305-9629
307,Supplier#000000307,YvfR2kliwNOusJXFvtU8,KENYA    2,KENYA,AFRICA,24-836-934-5394
308,Supplier#000000308,F52T zCuHRy8AsqiiBr7d4b,INDIA    3,INDIA,ASIA,18-992-128-2013
309,Supplier#000000309,L7SW 1ql8 2aBI,BRAZIL   6,BRAZIL,AMERICA,12-231-377-9535
310,Supplier#000000310,jVev0AkK4adl5,ALGERIA  1,ALGERIA,AFRICA,10-838-647-9285
311,Supplier#000000311,uHknDpgIW4Fy,RUSSIA   7,RUSSIA,EUROPE,32-919-292-8822
312,Supplier#000000312,T32ApBr80c5P8BR3YAkp,JORDAN   5,JORDAN,MIDDLE EAST,23-316-482-2555
313,Supplier#000000313,Su BgAv R0iKwEVBr kG2Mb,INDONESIA5,INDONESIA,ASIA,19-401-786-6040
314,Supplier#000000314,p4Ux3MbN,RUSSIA   5,RUSSIA,EUROPE,32-366-243-4713
315,Supplier#000000315,k9fJuxApb0M,BRAZIL   3,BRAZIL,AMERICA,12-442-286-3594
316,Supplier#000000316,y3hZXPiTL3qtkf,ALGERIA  7,ALGERIA,AFRICA,10-171-394-5011
317,Supplier#000000317,nvxebmGPXiA8AIy4SNNKvt,PERU     1,PERU,AMERICA,27-615-537-8871
318,Supplier#000000318,pEVLDbWeU5NhlZTFpP5UJp,UNITED ST1,UNITED STATES,AMERICA,34-229-548-7118
319,Supplier#000000319,zOm8SrtXsOkam9RhUKqg,CHINA    4,CHINA,ASIA,28-734-928-1642
320,Supplier#000000320,xYlFjLggIkJn,VIETNAM  8,VIETNAM,ASIA,31-358-857-3698
321,Supplier#000000321,CfDKlGVtM,ROMANIA  8,ROMANIA,EUROPE,29-114-675-9153
322,Supplier#000000322,GpYAOmo v,FRANCE   5,FRANCE,EUROPE,16-660-202-7517
323,Supplier#000000323,0gmcEP77C,RUSSIA   7,RUSSIA,EUROPE,32-347-223-6024
324,Supplier#000000324,bnzKc9CsKrIDI29Zjs,CHINA    3,CHINA,ASIA,28-722-560-7023
325,Supplier#000000325,QaKuSrp8QDeldLok20Y,INDIA    1,INDIA,ASIA,18-823-702-9630
326,Supplier#000000326,SGlIowJOp,GERMANY  5,GERMANY,EUROPE,17-447-614-7494
327,Supplier#000000327,fCoThPTC7JC1XWjFhbgx7Pc1,ALGERIA  3,ALGERIA,AFRICA,10-606-718-3062
328,Supplier#000000328,9eEYWOr,GERMANY  5,GERMANY,EUROPE,17-817-180-1487
329,Supplier#000000329,"tbKSrRAE6aXvjkosSDcXSoV,",PERU     5,PERU,AMERICA,27-106-357-8302
330,Supplier#000000330,f6uEipOS,RUSSIA   4,RUSSIA,EUROPE,32-476-852-2371
331,Supplier#000000331,"6GNe7v3jtYZ,U",RUSSIA   2,RUSSIA,EUROPE,32-411-430-7917
332,Supplier#000000332,dBwc vI,INDONESIA3,INDONESIA,ASIA,19-767-972-2596
333,Supplier#000000333,fQ5Lr4KvbNHI3WDMhkc,RUSSIA   3,RUSSIA,EUROPE,32-908-534-7709
334,Supplier#000000334,ejek3DbrSO5zd3w6WUqG,JORDAN   4,JORDAN,MIDDLE EAST,23-947-291-5002
335,Supplier#000000335,i8vs9m2TNnegL,MOZAMBIQU4,MOZAMBIQUE,AFRICA,26-772-165-3138
336,Supplier#000000336,D 2MY63yqpOgrz6xeoc1S1eJ,ARGENTINA3,ARGENTINA,AMERICA,11-345-190-9898
337,Supplier#000000337,j9 PoOi80,JAPAN    2,JAPAN,ASIA,22-337-165-1106
338,Supplier#000000338,"ZPUkH1 8uANiIqcfAxHUP,X",MOZAMBIQU0,MOZAMBIQUE,AFRICA,26-302-620-7535
339,Supplier#000000339,sm8cjrVX m5Vk,ETHIOPIA 3,ETHIOPIA,AFRICA,15-992-529-2023
340,Supplier#000000340,cGVlRObAzQYGZU,RUSSIA   2,RUSSIA,EUROPE,32-730-681-4571
341,Supplier#000000341, NPRtc9bxDs1rQvoxnb6jNY,KENYA    6,KENYA,AFRICA,24-870-813-8585
342,Supplier#000000342,"3KOq,f2c",BRAZIL   6,BRAZIL,AMERICA,12-690-119-9571
343,Supplier#000000343,g79HrzOfdAYWHMU0aTfG2yd ,EGYPT    5,EGYPT,MIDDLE EAST,14-877-910-5134
344,Supplier#000000344,mrEe58Ub,IRAQ     7,IRAQ,MIDDLE EAST,21-810-788-6699
345,Supplier#000000345,22xIPn7uY,CHINA    7,CHINA,ASIA,28-209-576-4513
346,Supplier#000000346,SwFTOYQs AzRvi7A,INDIA    9,INDIA,ASIA,18-100-890-4659
347,Supplier#000000347,"tK,EVk ",INDIA    4,INDIA,ASIA,18-519-832-9913
348,Supplier#000000348,2dmjlWOTGbWybkNbr1 h2d9,INDIA    9,INDIA,ASIA,18-986-141-5327
349,Supplier#000000349,"ZZ8BV,3i1Rx7oJaq4w,o",JORDAN   3,JORDAN,MIDDLE EAST,23-818-229-3473
350,Supplier#000000350,hilu5UXM,GERMANY  4,GERMANY,EUROPE,17-960-809-3690
351,Supplier#000000351,2f47w6o8Ev gLmF,JAPAN    5,JAPAN,ASIA,22-873-420-4342
352,Supplier#000000352,"gz5OFzmIRd3xZ,",MOZAMBIQU6,MOZAMBIQUE,AFRICA,26-906-158-8420
353,Supplier#000000353,qC0j2zxH6,MOROCCO  4,MOROCCO,AFRICA,25-733-644-2244
354,Supplier#000000354,wSLcCW,CANADA   6,CANADA,AMERICA,13-545-101-2447
355,Supplier#000000355,oxoaD1TAIZhfrQRSE7483W1,MOZAMBIQU9,MOZAMBIQUE,AFRICA,26-656-787-6091
356,Supplier#000000356,gMLIUannywR53AwKFPex7 ,IRAQ     1,IRAQ,MIDDLE EAST,21-415-457-4421
357,Supplier#000000357,6LTjIWnxs1V9h0E,SAUDI ARA6,SAUDI ARABIA,MIDDLE EAST,30-452-965-8560
358,Supplier#000000358,6XtuJkJj83BcCOV7b,CANADA   3,CANADA,AMERICA,13-457-255-3822
359,Supplier#000000359,iVjAb2DLfOmey,UNITED ST5,UNITED STATES,AMERICA,34-608-547-4751
360,Supplier#000000360,YQwuiofW2bA15jINW cIc g,ETHIOPIA 5,ETHIOPIA,AFRICA,15-604-646-1645
361,Supplier#000000361,MSi62aEN53KaoRAiaH4GE,CANADA   8,CANADA,AMERICA,13-164-267-4590
362,Supplier#000000362,"4Nyd,7V",UNITED KI0,UNITED KINGDOM,EUROPE,33-651-653-4122
363,Supplier#000000363, 2BA1v2IDSlgGbye4gcDie7,ARGENTINA2,ARGENTINA,AMERICA,11-460-529-3937
364,Supplier#000000364,dJLk6cDS,INDONESIA6,INDONESIA,ASIA,19-492-647-4972
365,Supplier#000000365,"91QtGFW,d",UNITED KI5,UNITED KINGDOM,EUROPE,33-708-696-5226
366,Supplier#000000366,ryiNwIzeyRCM5tmQ,JAPAN    9,JAPAN,ASIA,22-915-531-6826
367,Supplier#000000367,nr8wRQ a5,RUSSIA   2,RUSSIA,EUROPE,32-939-319-4691
368,Supplier#000000368,YCVvU8Vjs,ALGERIA  9,ALGERIA,AFRICA,10-552-596-4994
369,Supplier#000000369,4gfQXza7T08Kyxf,GERMANY  2,GERMANY,EUROPE,17-333-644-9832
370,Supplier#000000370,utd8hrkR63P4IyW9M,ALGERIA  8,ALGERIA,AFRICA,10-524-280-8721
371,Supplier#000000371,"UGO,gBDbu ixk1NA MOTpD",ROMANIA  6,ROMANIA,EUROPE,29-119-346-2028
372,Supplier#000000372,qNJxVe5W5Lc2puzp,ETHIOPIA 4,ETHIOPIA,AFRICA,15-226-339-6392
373,Supplier#000000373,DaqaX7,MOZAMBIQU8,MOZAMBIQUE,AFRICA,26-883-170-4010
374,Supplier#000000374, w  d5IAKZMXym32N5Plhr,BRAZIL   0,BRAZIL,AMERICA,12-282-723-3627
375,Supplier#000000375,YoipKIvqHpsqZxuHIhdHPr,IRAQ     1,IRAQ,MIDDLE EAST,21-575-273-9756
376,Supplier#000000376,gSc4fYH3,MOZAMBIQU7,MOZAMBIQUE,AFRICA,26-437-952-8986
377,Supplier#000000377,gW8lUns1ruKt1o,MOZAMBIQU7,MOZAMBIQUE,AFRICA,26-260-610-4079
378,Supplier#000000378,mLPJtpu4wOc,CANADA   4,CANADA,AMERICA,13-147-793-4825
379,Supplier#000000379,Itk4sjh7qN,SAUDI ARA5,SAUDI ARABIA,MIDDLE EAST,30-228-550-9246
380,Supplier#000000380,"gI3EIHAzcUaW,",SAUDI ARA7,SAUDI ARABIA,MIDDLE EAST,30-538-493-4229
381,Supplier#000000381,eLtiggh 3x 4KEKH,FRANCE   9,FRANCE,EUROPE,16-860-208-7093
382,Supplier#000000382,wdQzuw,MOROCCO  6,MOROCCO,AFRICA,25-942-650-6657
383,Supplier#000000383,"CkmbPPT,ig71x7I8QIKgyI",RUSSIA   2,RUSSIA,EUROPE,32-868-920-9034
384,Supplier#000000384,"te VZLyh,",GERMANY  7,GERMANY,EUROPE,17-271-453-8361
385,Supplier#000000385,X9nvgpd,CHINA    1,CHINA,ASIA,28-741-675-6890
386,Supplier#000000386,tulLS34NnRGy8sv0ec7l,JORDAN   0,JORDAN,MIDDLE EAST,23-193-143-1425
387,Supplier#000000387,nmEA 5YKdqQxhHgy7bKq,GERMANY  4,GERMANY,EUROPE,17-694-363-3673
388,Supplier#000000388,EYT3aDJ3 3Gh9f,CHINA    0,CHINA,ASIA,28-856-814-6352
389,Supplier#000000389,m4RUFJ8NAX,UNITED ST1,UNITED STATES,AMERICA,34-264-943-1253
390,Supplier#000000390,TawT9Ifa8lMtyV,GERMANY  9,GERMANY,EUROPE,17-812-253-6693
391,Supplier#000000391,kpGvGJK7YbSP6,MOROCCO  7,MOROCCO,AFRICA,25-604-451-4462
392,Supplier#000000392,W28pTYaWfepRUW,PERU     7,PERU,AMERICA,27-601-793-2507
393,Supplier#000000393,KukebZyl ts4jmMj,ETHIOPIA 4,ETHIOPIA,AFRICA,15-749-949-5915
394,Supplier#000000394,WEknXO0fMguOqtM,INDONESIA0,INDONESIA,ASIA,19-422-600-6936
395,Supplier#000000395,x2nRqcvmsUaZpl4i,CHINA    5,CHINA,ASIA,28-804-388-6600
396,Supplier#000000396,5eyE3yavpgn87,IRAN     5,IRAN,MIDDLE EAST,20-902-936-4845
397,Supplier#000000397,Hl Js3kZ89TQ4 j LyOBzd,UNITED ST0,UNITED STATES,AMERICA,34-103-357-8777
398,Supplier#000000398,"5750 d,8Zg2l",IRAN     5,IRAN,MIDDLE EAST,20-110-215-3747
399,Supplier#000000399,7os1bbL13DaJk1O4LD,SAUDI ARA3,SAUDI ARABIA,MIDDLE EAST,30-882-664-5454
400,Supplier#000000400,bqouSxL2sb 1joMzY2,VIETNAM  2,VIETNAM,ASIA,31-522-746-1247
401,Supplier#000000401,Srs8yR,IRAN     3,IRAN,MIDDLE EAST,20-667-766-5291
402,Supplier#000000402,JR8vWoCteJtJg3ok,CANADA   6,CANADA,AMERICA,13-950-729-1638
403,Supplier#000000403,875FOaOl KGDJoLMqZZIw,INDONESIA6,INDONESIA,ASIA,19-753-433-1769
404,Supplier#000000404,aavubXyB8Ouzy2oBch,GERMANY  7,GERMANY,EUROPE,17-840-785-1776
405,Supplier#000000405,"OhiIH673rDUe,",UNITED ST5,UNITED STATES,AMERICA,34-509-301-7901
406,Supplier#000000406,teJ6VTonlWRj7MC,VIETNAM  2,VIETNAM,ASIA,31-426-693-4043
407,Supplier#000000407,5FIkoXT5y,IRAQ     8,IRAQ,MIDDLE EAST,21-975-454-8499
408,Supplier#000000408,BOC Zy0wh3rCGHDg,RUSSIA   3,RUSSIA,EUROPE,32-177-807-5661
409,Supplier#000000409,gt362msTQ3AwtUVHgqP7,GERMANY  6,GERMANY,EUROPE,17-466-412-4731
410,Supplier#000000410,V50lcXuhbvxuks9N2s5HVNv,ROMANIA  3,ROMANIA,EUROPE,29-576-345-5940
411,Supplier#000000411,lRjVX45 NPK9K,CHINA    0,CHINA,ASIA,28-483-924-1955
412,Supplier#000000412,9YCDqr0Hky,JAPAN    1,JAPAN,ASIA,22-940-318-3191
413,Supplier#000000413,lqxLzaaamrc0N5o2,IRAQ     5,IRAQ,MIDDLE EAST,21-158-285-7336
414,Supplier#000000414,mGEFjL6RBAp,VIETNAM  7,VIETNAM,ASIA,31-552-380-2475
415,Supplier#000000415,JPs ygBrdiqssa5KYEOUfTk,SAUDI ARA2,SAUDI ARABIA,MIDDLE EAST,30-346-876-2972
416,Supplier#000000416,m0RsaRBkFsIE,IRAQ     0,IRAQ,MIDDLE EAST,21-651-146-4780
417,Supplier#000000417,QXoPavoe44y02tMb6,FRANCE   0,FRANCE,EUROPE,16-794-364-5100
418,Supplier#000000418,"G,TNiLr",UNITED ST1,UNITED STATES,AMERICA,34-826-508-1218
419,Supplier#000000419,mB4yAIG,FRANCE   7,FRANCE,EUROPE,16-338-447-2399
420,Supplier#000000420,Hf4yqf,JAPAN    2,JAPAN,ASIA,22-776-366-5869
421,Supplier#000000421,z31b9sNc2HIPkH,INDIA    0,INDIA,ASIA,18-918-228-2560
422,Supplier#000000422,JxWOTAGllddwE,IRAN     4,IRAN,MIDDLE EAST,20-299-247-2444
423,Supplier#000000423,6oKeHpFxWioQ55e,UNITED ST4,UNITED STATES,AMERICA,34-201-501-7824
424,Supplier#000000424,ycNlgfmUL8ri,RUSSIA   5,RUSSIA,EUROPE,32-891-311-6778
425,Supplier#000000425,RrgDmlL0PAnD,ALGERIA  4,ALGERIA,AFRICA,10-756-407-4828
426,Supplier#000000426,tHijbae,UNITED KI1,UNITED KINGDOM,EUROPE,33-768-330-6311
427,Supplier#000000427,sjDNYQsaRV1rqNAsPKTpbq,SAUDI ARA2,SAUDI ARABIA,MIDDLE EAST,30-124-309-3821
428,Supplier#000000428,"x0Fc9ZHIGqQ7,Jdubx2",PERU     8,PERU,AMERICA,27-587-557-8211
429,Supplier#000000429,Vi7efTvTt3fNVvs,UNITED KI6,UNITED KINGDOM,EUROPE,33-989-936-1954
430,Supplier#000000430,9eN nRdw0Y4tl,ARGENTINA5,ARGENTINA,AMERICA,11-406-611-4228
431,Supplier#000000431,5CM50eidCHnUJhHRxqN GV,CANADA   6,CANADA,AMERICA,13-326-904-6643
432,Supplier#000000432,2GpQCfKRDTE,IRAN     3,IRAN,MIDDLE EAST,20-307-912-9016
433,Supplier#000000433,"ryZ,XBt305JOidhloc6V,",KENYA    0,KENYA,AFRICA,24-659-445-3595
434,Supplier#000000434,"NDNfUerSVx7,dMEgwW",ETHIOPIA 9,ETHIOPIA,AFRICA,15-325-443-1474
435,Supplier#000000435,vgw606Y81HYcAmvOFK3z,INDIA    5,INDIA,ASIA,18-741-309-6377
436,Supplier#000000436,f5S3xYE0RX,SAUDI ARA0,SAUDI ARABIA,MIDDLE EAST,30-927-687-6390
437,Supplier#000000437,kxAiG0 gWtpUuVPN0O,GERMANY  8,GERMANY,EUROPE,17-364-492-8498
438,Supplier#000000438,PMbPCnw71UjL6qksSQzjv,UNITED ST0,UNITED STATES,AMERICA,34-394-388-4375
439,Supplier#000000439,O7DoOwbpg8shr49Fy0mEJrgD,INDONESIA3,INDONESIA,ASIA,19-873-368-6801
440,Supplier#000000440, W6dCnW4nzSw3f1mhHzo6u1,MOROCCO  4,MOROCCO,AFRICA,25-244-480-5751
441,Supplier#000000441,MwE8oGoud7j,KENYA    5,KENYA,AFRICA,24-438-355-3491
442,Supplier#000000442,ch8oj4eqzAu9 VQcnRFBXy6F,IRAQ     7,IRAQ,MIDDLE EAST,21-240-523-8711
443,Supplier#000000443,EPzROFD,IRAN     6,IRAN,MIDDLE EAST,20-241-131-1632
444,Supplier#000000444,Fj Y5P6B9GxtaR IgeQbH,VIETNAM  5,VIETNAM,ASIA,31-402-300-1949
445,Supplier#000000445,5AshgKDfDl0WiyWsV7n,SAUDI ARA0,SAUDI ARABIA,MIDDLE EAST,30-849-846-6070
446,Supplier#000000446,EQrf3XG,INDIA    1,INDIA,ASIA,18-321-168-5681
447,Supplier#000000447,7jMhIaLiElwZ We8,ETHIOPIA 9,ETHIOPIA,AFRICA,15-438-344-7007
448,Supplier#000000448,P2s4o4nCwQe9r08YbioCYg2g,UNITED ST1,UNITED STATES,AMERICA,34-985-422-6009
449,Supplier#000000449,Hc2f2pWhaVzp5FxGZVKND,IRAN     3,IRAN,MIDDLE EAST,20-893-381-6454
450,Supplier#000000450,zXJucfDwV,UNITED KI6,UNITED KINGDOM,EUROPE,33-782-397-9006
451,Supplier#000000451,PAegaJfHC,FRANCE   6,FRANCE,EUROPE,16-939-275-3248
452,Supplier#000000452,VP7WMMho4tvmy3Er,PERU     1,PERU,AMERICA,27-335-974-9174
453,Supplier#000000453,QByRScu6Vj9ayUZQ5pURWhbH,VIETNAM  5,VIETNAM,ASIA,31-209-381-8571
454,Supplier#000000454,hSBZx4,ALGERIA  9,ALGERIA,AFRICA,10-818-915-9400
455,Supplier#000000455,OMZaERv,INDONESIA3,INDONESIA,ASIA,19-863-225-9454
456,Supplier#000000456,J8AwMVgoTyVR0H3V0j,ETHIOPIA 8,ETHIOPIA,AFRICA,15-784-971-7777
457,Supplier#000000457,iFNY 7H03vYx0FfBYmMwp9a,INDIA    9,INDIA,ASIA,18-543-684-2857
458,Supplier#000000458,jldG6hZjVXkv6jQ,VIETNAM  2,VIETNAM,ASIA,31-651-706-4016
459,Supplier#000000459,wZYIuP7GJUrykZfx4u3SnF,CHINA    2,CHINA,ASIA,28-927-662-8584
460,Supplier#000000460,GkmphcfhQnwcJ1BPTnae30b7,SAUDI ARA4,SAUDI ARABIA,MIDDLE EAST,30-643-955-6555
461,Supplier#000000461,"6f2eszFaIEUyHbk9g,ub23DP",RUSSIA   8,RUSSIA,EUROPE,32-533-226-4307
462,Supplier#000000462,qK0oYLiz,ETHIOPIA 8,ETHIOPIA,AFRICA,15-157-561-4106
463,Supplier#000000463,4cPWnRye6tBexleS,ALGERIA  2,ALGERIA,AFRICA,10-167-214-5805
464,Supplier#000000464,4v1tx4o5McWv,ETHIOPIA 7,ETHIOPIA,AFRICA,15-269-971-9738
465,Supplier#000000465,3ccxfF7L7lelIIBgyyrIgTj,PERU     6,PERU,AMERICA,27-137-838-1346
466,Supplier#000000466,km4Xnjf0,RUSSIA   4,RUSSIA,EUROPE,32-280-738-3240
467,Supplier#000000467,RIPpPqGPyEohRS,JAPAN    2,JAPAN,ASIA,22-449-581-5158
468,Supplier#000000468,80Bvm1zGP2I VnornYmLF,FRANCE   6,FRANCE,EUROPE,16-489-960-5023
469,Supplier#000000469,lW3AYs9lFfcTxnQO4H1RV,INDONESIA1,INDONESIA,ASIA,19-406-988-6460
470,Supplier#000000470,4OGPs qKpfQ6GNLIKhmbI,ROMANIA  2,ROMANIA,EUROPE,29-507-458-4433
471,Supplier#000000471,mOWrlH5GQqTsz65A,JAPAN    1,JAPAN,ASIA,22-574-118-1005
472,Supplier#000000472,"eFh5YR,CwPDELC",SAUDI ARA5,SAUDI ARABIA,MIDDLE EAST,30-940-478-1933
473,Supplier#000000473,vZzGJYxMPMH3fWpjgkKiln6,MOROCCO  0,MOROCCO,AFRICA,25-209-647-5704
474,Supplier#000000474,78jpeO3S,ALGERIA  1,ALGERIA,AFRICA,10-247-536-6143
475,Supplier#000000475,vvW5U1Waa4sfiVaLrmcguWhn,CANADA   5,CANADA,AMERICA,13-485-422-9361
476,Supplier#000000476,2w7rAj,ALGERIA  4,ALGERIA,AFRICA,10-996-628-9902
477,Supplier#000000477,6yQdgeVeAxJVtJ,GERMANY  0,GERMANY,EUROPE,17-845-877-6997
478,Supplier#000000478,"XH5rERovR8nySHtg6zHMIU,",IRAQ     6,IRAQ,MIDDLE EAST,21-655-291-2694
479,Supplier#000000479,"zNfG5Zgz,vqbZ5FwNDb6v1D",CHINA    3,CHINA,ASIA,28-336-406-1631
480,Supplier#000000480,"BS0fjW6aIbY7wU, Fczlt30j",KENYA    8,KENYA,AFRICA,24-231-147-5851
481,Supplier#000000481,6Al8Yob4ro,INDONESIA1,INDONESIA,ASIA,19-363-392-6461
482,Supplier#000000482,gG5 QXC,KENYA    9,KENYA,AFRICA,24-732-448-1610
483,Supplier#000000483,EO4LDACmZDV,BRAZIL   0,BRAZIL,AMERICA,12-799-189-1135
484,Supplier#000000484,5v8jrmlspYG5Iv 5FIU1,UNITED ST0,UNITED STATES,AMERICA,34-777-953-8902
485,Supplier#000000485,7f9ZYqRwGaL,ARGENTINA4,ARGENTINA,AMERICA,11-434-961-1623
486,Supplier#000000486,"EovbAg31vHkY,c5at0Lobz",SAUDI ARA7,SAUDI ARABIA,MIDDLE EAST,30-787-534-8723
487,Supplier#000000487,qwnpOiQ0,ETHIOPIA 9,ETHIOPIA,AFRICA,15-111-401-4259
488,Supplier#000000488,rsLcPR W52wDawzlPi8,JORDAN   2,JORDAN,MIDDLE EAST,23-513-778-1881
489,Supplier#000000489,uRdeC3kun6cL pZlvH,IRAN     3,IRAN,MIDDLE EAST,20-916-241-6195
490,Supplier#000000490,idAFGz,BRAZIL   7,BRAZIL,AMERICA,12-268-147-7824
491,Supplier#000000491,F7PnOi,ALGERIA  4,ALGERIA,AFRICA,10-856-259-7548
492,Supplier#000000492,TvmxFn2erslwe,KENYA    7,KENYA,AFRICA,24-686-244-1077
493,Supplier#000000493,UyNiXryFnFGVTzHWg,IRAQ     6,IRAQ,MIDDLE EAST,21-514-558-7246
494,Supplier#000000494,VJqIaknk7tV0S,JORDAN   6,JORDAN,MIDDLE EAST,23-330-453-6579
495,Supplier#000000495,"C,SUHURyviG",JAPAN    7,JAPAN,ASIA,22-400-405-6060
496,Supplier#000000496,QMWQx2utAqLlVtzkXD,SAUDI ARA0,SAUDI ARABIA,MIDDLE EAST,30-173-644-7922
497,Supplier#000000497,JfqAFpgnf6lAj Hyc,JAPAN    2,JAPAN,ASIA,22-937-724-3506
498,Supplier#000000498,XHw6aAoWQOdaSY,PERU     2,PERU,AMERICA,27-210-810-1479
499,Supplier#000000499,ePOaMqInIdZylI5vji,CHINA    5,CHINA,ASIA,28-387-817-9149
500,Supplier#000000500,IfLdo6 HT3WJXZt,SAUDI ARA6,SAUDI ARABIA,MIDDLE EAST,30-194-736-4233
501,Supplier#000000501,c88yoXXw4Fb,UNITED ST6,UNITED STATES,AMERICA,34-867-672-1331
502,Supplier#000000502,rxy8MzxVxUFC3gU,EGYPT    3,EGYPT,MIDDLE EAST,14-405-590-9919
503,Supplier#000000503,dy2AeQx XwUDLs2Ll2EeA,SAUDI ARA2,SAUDI ARABIA,MIDDLE EAST,30-441-755-3094
504,Supplier#000000504,cSGYEI9I96mohLuwTg ,IRAN     2,IRAN,MIDDLE EAST,20-916-264-7594
505,Supplier#000000505,RAO213anV73FfnKjuJg1u,INDONESIA6,INDONESIA,ASIA,19-530-647-8313
506,Supplier#000000506,KD3d5kpZQCW FkfH 8UWHpsV,UNITED KI1,UNITED KINGDOM,EUROPE,33-895-781-8227
507,Supplier#000000507,RlYvWilSA5sQQAqC2As,INDONESIA7,INDONESIA,ASIA,19-158-185-4455
508,Supplier#000000508,mR0zxyj2PMVGo9oc1QM8k8,KENYA    1,KENYA,AFRICA,24-344-250-3166
509,Supplier#000000509,9lTN9T,FRANCE   0,FRANCE,EUROPE,16-115-338-1002
510,Supplier#000000510,6E3aFs0w2SiImzMDSe,ROMANIA  6,ROMANIA,EUROPE,29-846-260-5139
511,Supplier#000000511,a4dN7nM05hmQ,UNITED KI1,UNITED KINGDOM,EUROPE,33-247-728-9743
512,Supplier#000000512,fCdcxfoWaedDpKnWxf,MOROCCO  9,MOROCCO,AFRICA,25-144-416-6035
513,Supplier#000000513,3eJO7R5GJv,EGYPT    4,EGYPT,MIDDLE EAST,14-861-303-6887
514,Supplier#000000514,bWm 31dd,KENYA    6,KENYA,AFRICA,24-194-775-6756
515,Supplier#000000515,W7cx14qPRNMTEXpp4Yr7Nje,PERU     9,PERU,AMERICA,27-204-592-4731
516,Supplier#000000516,tVeEUW,ETHIOPIA 0,ETHIOPIA,AFRICA,15-947-309-2690
517,Supplier#000000517,eG9a2gMRNSxm3dcsgg,INDIA    5,INDIA,ASIA,18-475-741-4234
518,Supplier#000000518,"LYPxnxT4sPHdn6UYidVQM,",ARGENTINA7,ARGENTINA,AMERICA,11-651-256-7682
519,Supplier#000000519,0tKinNqEGVSTU9shI31,ROMANIA  4,ROMANIA,EUROPE,29-452-860-5592
520,Supplier#000000520,"ajxAtNzJbDdQUKvnI5XsoJb,",JAPAN    0,JAPAN,ASIA,22-612-111-7765
521,Supplier#000000521,IaUWSvAIxhRj,ARGENTINA4,ARGENTINA,AMERICA,11-539-480-8897
522,Supplier#000000522,ICfk9yI3,INDIA    5,INDIA,ASIA,18-771-454-9561
523,Supplier#000000523,tsLnJOy1OwF5sqSAd,CHINA    7,CHINA,ASIA,28-638-320-5977
524,Supplier#000000524,A72dOBJl,JORDAN   0,JORDAN,MIDDLE EAST,23-844-888-9800
525,Supplier#000000525,lyj1RD,IRAQ     4,IRAQ,MIDDLE EAST,21-365-641-8287
526,Supplier#000000526,vS T0IKBp,ETHIOPIA 9,ETHIOPIA,AFRICA,15-170-679-3115
527,Supplier#000000527,yNgOsOU6ZpFTR65oGqSbZ,CHINA    4,CHINA,ASIA,28-139-567-9286
528,Supplier#000000528,bzDkHDTI ,BRAZIL   3,BRAZIL,AMERICA,12-985-381-5453
529,Supplier#000000529,mHWwETtY,IRAN     4,IRAN,MIDDLE EAST,20-383-240-7326
530,Supplier#000000530,0BvoewCPg2scOEfuL93,CANADA   7,CANADA,AMERICA,13-614-884-1055
531,Supplier#000000531,"Md,IuTYTOZ,Y2QHn7AuuyC",RUSSIA   2,RUSSIA,EUROPE,32-151-567-1296
532,Supplier#000000532,NBRYJ8T5fQ6Fnge,CANADA   1,CANADA,AMERICA,13-875-978-2232
533,Supplier#000000533,5lRvy8usPpRWGwrmqMM Si,GERMANY  3,GERMANY,EUROPE,17-525-957-4486
534,Supplier#000000534,ipJlXL1OaIe4ku,INDONESIA9,INDONESIA,ASIA,19-137-389-2888
535,Supplier#000000535,RIARjDDFF VJ,IRAN     9,IRAN,MIDDLE EAST,20-787-866-1808
536,Supplier#000000536,OsLrbQKsgB5pnIEW8Zp8,PERU     2,PERU,AMERICA,27-521-348-9030
537,Supplier#000000537,hz22bj,JORDAN   0,JORDAN,MIDDLE EAST,23-337-488-6765
538,Supplier#000000538,"hp1,99nk75i",PERU     1,PERU,AMERICA,27-632-471-2852
539,Supplier#000000539,lkVdXliNdEF,ARGENTINA5,ARGENTINA,AMERICA,11-166-785-8571
540,Supplier#000000540,8EtIzs0u3,MOZAMBIQU1,MOZAMBIQUE,AFRICA,26-933-117-7482
541,Supplier#000000541,euKKxMO,PERU     5,PERU,AMERICA,27-362-308-9442
542,Supplier#000000542,Yt49GGmnPqxL5xIOabKcdM,ETHIOPIA 1,ETHIOPIA,AFRICA,15-674-545-2517
543,Supplier#000000543,"cZ, FZrCrq0",MOROCCO  8,MOROCCO,AFRICA,25-972-408-3265
544,Supplier#000000544,C68XNAn3PbNdAwisG6d,ARGENTINA3,ARGENTINA,AMERICA,11-572-651-1323
545,Supplier#000000545,oS8mR7K7NKBXCdjT9sQu,BRAZIL   4,BRAZIL,AMERICA,12-849-123-8918
546,Supplier#000000546,3sDakw4w1P,RUSSIA   3,RUSSIA,EUROPE,32-936-444-8248
547,Supplier#000000547,fQ5XTY,INDIA    7,INDIA,ASIA,18-696-724-2981
548,Supplier#000000548,Qy9Ia ArA,JAPAN    5,JAPAN,ASIA,22-787-370-8722
549,Supplier#000000549,DtSREg96,ALGERIA  8,ALGERIA,AFRICA,10-825-998-8579
550,Supplier#000000550,baQwz n3D2,JAPAN    7,JAPAN,ASIA,22-938-997-6262
551,Supplier#000000551,"2dIAb,vU1r9k1zfGFiJQJO7D",INDIA    8,INDIA,ASIA,18-209-544-4006
552,Supplier#000000552,ibXMPzjVMBcvB6YG5aAge1oX,JAPAN    6,JAPAN,ASIA,22-669-784-2191
553,Supplier#000000553,R0FI5D,FRANCE   3,FRANCE,EUROPE,16-454-146-3094
554,Supplier#000000554,mqmm1udy,GERMANY  9,GERMANY,EUROPE,17-938-503-7317
555,Supplier#000000555,8Lp0QWPLFXrJrX1sT,CANADA   6,CANADA,AMERICA,13-548-367-9974
556,Supplier#000000556,"LXa96RInqi,Daa",FRANCE   3,FRANCE,EUROPE,16-934-412-5846
557,Supplier#000000557,"IH,v63JRgXMkVhJ",CANADA   5,CANADA,AMERICA,13-390-153-6699
558,Supplier#000000558,8RJdHA999aFGP1CFNQMfhn,INDONESIA4,INDONESIA,ASIA,19-866-273-7672
559,Supplier#000000559,9Gg7JpFPG,IRAQ     4,IRAQ,MIDDLE EAST,21-395-429-6655
560,Supplier#000000560,A27bPAISAhXR 9L,PERU     2,PERU,AMERICA,27-618-467-8489
561,Supplier#000000561,",5Xneb4aBLIb",RUSSIA   0,RUSSIA,EUROPE,32-286-185-3047
562,Supplier#000000562,T73oyE9as,UNITED KI4,UNITED KINGDOM,EUROPE,33-271-465-6971
563,Supplier#000000563,aOT6ZP96J,GERMANY  4,GERMANY,EUROPE,17-544-152-1215
564,Supplier#000000564,jxLtAKkWLEDr5G,BRAZIL   2,BRAZIL,AMERICA,12-865-332-8571
565,Supplier#000000565,1C2pRwFnXEzfrFHYbhoUUQr,SAUDI ARA1,SAUDI ARABIA,MIDDLE EAST,30-798-211-2891
566,Supplier#000000566,Kp9wDKo65iJ3agUOtq12e07d,UNITED ST2,UNITED STATES,AMERICA,34-443-780-3708
567,Supplier#000000567,"Mwx9BrQB,exC",ARGENTINA8,ARGENTINA,AMERICA,11-389-883-3371
568,Supplier#000000568,"tT,jHTA5",IRAN     5,IRAN,MIDDLE EAST,20-603-795-8611
569,Supplier#000000569,IHlH5pHgRZ,MOROCCO  6,MOROCCO,AFRICA,25-648-567-6776
570,Supplier#000000570,T5GdBx3lKgLPg2Y,PERU     8,PERU,AMERICA,27-264-442-3057
571,Supplier#000000571,leILEM,INDONESIA2,INDONESIA,ASIA,19-115-414-4819
572,Supplier#000000572,i097vOREdc8 QFlDw o ,ROMANIA  7,ROMANIA,EUROPE,29-425-209-5033
573,Supplier#000000573,"TXk95,z0tkmvFZdpFf83",JAPAN    2,JAPAN,ASIA,22-354-826-9743
574,Supplier#000000574,ZcSrzuRKYEGpcxmI,RUSSIA   3,RUSSIA,EUROPE,32-676-218-1058
575,Supplier#000000575,iYWfc6rqa,ROMANIA  0,ROMANIA,EUROPE,29-980-134-7627
576,Supplier#000000576,cFOYnuBc9D,JAPAN    4,JAPAN,ASIA,22-777-499-8213
577,Supplier#000000577,HDVCkrDlnZpaHMyTQv4CAo,JORDAN   2,JORDAN,MIDDLE EAST,23-662-826-1317
578,Supplier#000000578,"QDVh,rWWYUoBO4TFr",SAUDI ARA7,SAUDI ARABIA,MIDDLE EAST,30-278-860-9263
579,Supplier#000000579,7UzMH8UG8bJVB,ROMANIA  4,ROMANIA,EUROPE,29-374-175-6181
580,Supplier#000000580,fx98O2jT,FRANCE   0,FRANCE,EUROPE,16-444-589-3830
581,Supplier#000000581,"4rBdtnOdAu3vIb,Lh",CHINA    2,CHINA,ASIA,28-415-978-2518
582,Supplier#000000582,"DUJ,pIHvQK ,ln9",EGYPT    6,EGYPT,MIDDLE EAST,14-484-591-9280
583,Supplier#000000583,SzySEI,MOROCCO  4,MOROCCO,AFRICA,25-234-625-4041
584,Supplier#000000584,4wn2zk2BE2WqG3U,CHINA    1,CHINA,ASIA,28-352-778-1041
585,Supplier#000000585,oa174nLd2fS6nFeBOaqm,UNITED KI9,UNITED KINGDOM,EUROPE,33-397-693-4170
586,Supplier#000000586,SyLjv3tlMYzY0UBr5BG6a3,BRAZIL   1,BRAZIL,AMERICA,12-239-369-7791
587,Supplier#000000587,WS0KPsmxeBN eoKZFwr,GERMANY  7,GERMANY,EUROPE,17-585-233-5906
588,Supplier#000000588,NXtlVtE8,KENYA    9,KENYA,AFRICA,24-988-546-2598
589,Supplier#000000589,YoW04I6oHfWR,CHINA    1,CHINA,ASIA,28-479-316-3576
590,Supplier#000000590,hJ9yzgWlCtPBYJ6wK,INDONESIA6,INDONESIA,ASIA,19-734-215-6394
591,Supplier#000000591,J3F5qS,UNITED ST0,UNITED STATES,AMERICA,34-584-309-7885
592,Supplier#000000592,"zN2AJU E,1PTm,Mz9A",INDONESIA3,INDONESIA,ASIA,19-832-574-7217
593,Supplier#000000593,BwFlALCmestGzm,FRANCE   2,FRANCE,EUROPE,16-621-217-1535
594,Supplier#000000594,"Tk2,CagUWqmE2TBuzVZ6",PERU     5,PERU,AMERICA,27-286-925-8440
595,Supplier#000000595,so691pzWFX0VeYI,UNITED ST8,UNITED STATES,AMERICA,34-554-215-7805
596,Supplier#000000596,PQ7Dg6g7zokd,EGYPT    8,EGYPT,MIDDLE EAST,14-484-811-5482
597,Supplier#000000597,pgyVks3,UNITED ST7,UNITED STATES,AMERICA,34-687-952-9485
598,Supplier#000000598,CRqkpIKWn1yoJaP3SKqHY,GERMANY  3,GERMANY,EUROPE,17-113-384-3847
599,Supplier#000000599,"arxZvHwzWrq,vFPcP7S4A8sA",EGYPT    8,EGYPT,MIDDLE EAST,14-916-825-6916
600,Supplier#000000600,3jt6sNQSSz4CdEAFoeQ,JAPAN    6,JAPAN,ASIA,22-675-907-7888
